id | (int),random_list | rl (int),mob_id | mob_id (int),level_1 | lv1 (string),rate | rate (int),encounter_rate | enc_rate (float),mob_spec_att_def_1 | msad1 (string),mob_spec_att_def_2 | msad2 (string),mob_spec_att_def_3 | msad3 (string),
101,1,1,"Tiwabbit",10,0,0,,
101,2,4,"Tiwodent",20,0,,,
101,3,7,"Black Tiwabbit",100,0,,,
101,4,,,,0,,,
101,5,,,,0,,,
101,6,,,,0,,,
101,7,,,,0,,,
101,8,,,,0,,,
101,9,,,,0,,,
101,10,,,,0,,,
101,11,,,,0,,,
101,12,,,,0,,,
101,13,,,,0,,,
101,14,,,,0,,,
101,15,,,,0,,,
101,16,,,,0,,,
101,17,,,,0,,,
101,18,,,,0,,,
102,1,10,"Green Piwi",60,0,,,
102,2,12,"Purple Piwi",60,0,,,
102,3,14,"Red Piwi",60,0,,,
102,4,16,"Blue Piwi",60,0,,,
102,5,24,"Blibli",30,0,,,
102,6,33,"Black Gobbly",10,0,,,
102,7,36,"White Gobbly",10,0,,,
102,8,40,"Spiny Glutton",5,0,,,
102,9,45,"Baby Tofu",10,0,,,
102,10,,,,0,,,
102,11,,,,0,,,
102,12,,,,0,,,
102,13,,,,0,,,
102,14,,,,0,,,
102,15,,,,0,,,
102,16,,,,0,,,
102,17,,,,0,,,
102,18,,,,0,,,
103,1,24,"Blibli",10,0,,,
103,2,33,"Black Gobbly",10,0,,,
103,3,36,"White Gobbly",10,0,,,
103,4,40,"Spiny Glutton",10,0,,,
103,5,45,"Baby Tofu",10,0,,,
103,6,50,"Young Drheller",10,0,,,
103,7,54,"Treechnid",10,0,,,
103,8,57,"Arachnee",10,0,,,
103,9,62,"Wild Gobbly",10,0,,,
103,10,66,"Dandelion",10,0,,,
103,11,85,"Mutant Wabbit",10,0,,,
103,12,90,"Taur",10,0,,,
103,13,99,"Aggressive Gobbly",10,0,,,
103,14,102,"Bwork Warrior",10,0,,,
103,15,110,"Chafer",10,0,,,
103,16,113,"Bwork Worker",10,0,,,
103,17,,,,0,,,
103,18,,,,0,,,
104,1,69,"Crackler",10,0,,,
104,2,73,"Cacter Warrior",10,0,,,
104,3,75,"Mountain Gobball",10,0,,,
104,4,77,"Angry Fungi",10,0,,,
104,5,102,"Bwork Warrior",10,0,,,
104,6,110,"Chafer",10,0,,,
104,7,113,"Bwork Worker",10,0,,,
104,8,121,"Mint Jelly",10,0,,,
104,9,123,"Lemon Jelly",10,0,,,
104,10,125,"Strawberry Jelly",10,0,,,
104,11,127,"Blue Raspberry Jelly",10,0,,,
104,12,148,"Sick Gobbly",10,0,,,
104,13,156,"Croboar",10,0,,,
104,14,,,,0,,,
104,15,,,,0,,,
104,16,,,,0,,,
104,17,,,,0,,,
104,18,,,,0,,,
105,1,85,"Mutant Wabbit",10,0,,,
105,2,90,"Taur",10,0,,,
105,3,99,"Aggressive Gobbly",10,0,,,
105,4,132,"Accelerat",10,0,,,
105,5,135,"Baby Sleck",10,0,,,
105,6,138,"Stalaguar",10,0,,,
105,7,141,"Weak Chafer",10,0,,,
105,8,143,"Dark Baby Tofu",10,0,,,
105,9,148,"Sick Gobbly",10,0,,,
105,10,156,"Croboar",10,0,,,
105,11,211,"Crackmite",10,0,,,
105,12,221,"Snow Blibli",10,0,,,
105,13,225,"Crabstix Guard",10,0,,,
105,14,,,,0,,,
105,15,,,,0,,,
105,16,,,,0,,,
105,17,,,,0,,,
105,18,,,,0,,,
106,1,121,"Mint Jelly",10,0,,,
106,2,123,"Lemon Jelly",10,0,,,
106,3,125,"Strawberry Jelly",10,0,,,
106,4,127,"Blue Raspberry Jelly",10,0,,,
106,5,183,"Surimi Guard",10,0,,,
106,6,186,"Baby Sludgeworm",10,0,,,
106,7,188,"Bernardo dia Reya",10,0,,,
106,8,190,"Sky Gobbly",10,0,,,
106,9,211,"Crackmite",10,0,,,
106,10,221,"Snow Blibli",10,0,,,
106,11,225,"Crabstix Guard",10,0,,,
106,12,,,,0,,,
106,13,,,,0,,,
106,14,,,,0,,,
106,15,,,,0,,,
106,16,,,,0,,,
106,17,,,,0,,,
106,18,,,,0,,,
107,1,10,"Green Piwi",10,0,,,
107,2,12,"Purple Piwi",10,0,,,
107,3,14,"Red Piwi",10,0,,,
107,4,16,"Blue Piwi",10,0,,,
107,5,11,"Green Googoo",10,0,,,
107,6,13,"Purple Googoo",10,0,,,
107,7,15,"Red Googoo",10,0,,,
107,8,17,"Blue Googoo",10,0,,,
107,9,24,"Blibli",10,0,,,
107,10,33,"Black Gobbly",10,0,,,
107,11,36,"White Gobbly",10,0,,,
107,12,40,"Spiny Glutton",10,0,,,
107,13,45,"Baby Tofu",10,0,,,
107,14,25,"Aggressive Blibli",10,0,,,
107,15,34,"Black Goball",10,0,,,
107,16,37,"White Goball",10,0,,,
107,17,41,"Young Demonic Rose",10,0,,,
107,18,46,"Tofu",10,0,,,
108,1,51,"Drhellator",10,0,,,
108,2,55,"Treechorn Treechnid",10,0,,,
108,3,58,"Major Arachnee ",10,0,,,
108,4,63,"Wild Gobball",10,0,,,
108,5,67,"Carnivorous Plant",10,0,,,
108,6,85,"Mutant Wabbit",10,0,,,
108,7,90,"Taur",10,0,,,
108,8,99,"Aggressive Gobbly",10,0,,,
108,9,86,"Full Mutant Wabbit",10,0,,,
108,10,91,"Mandhal",10,0,,,
108,11,100,"Aggressive Gobball",10,0,,,
108,12,102,"Bwork Warrior",10,0,,,
108,13,110,"Chafer",10,0,,,
108,14,113,"Bwork Worker",10,0,,,
108,15,103,"Bwork Butcher",10,0,,,
108,16,111,"Elite Chafer",10,0,,,
108,17,114,"Bwork Miner",10,0,,,
108,18,,,,0,,,
109,1,69,"Crackler",10,0,,,
109,2,73,"Cacter Warrior",10,0,,,
109,3,75,"Mountain Gobball",10,0,,,
109,4,77,"Angry Fungi",10,0,,,
109,5,70,"Mega Crackler",10,0,,,
109,6,74,"Cacter Blademaster",10,0,,,
109,7,76,"Royal Mountain Gobball",10,0,,,
109,8,78,"Fungi Master",10,0,,,
109,9,102,"Bwork Warrior",10,0,,,
109,10,110,"Chafer",10,0,,,
109,11,113,"Bwork Worker",10,0,,,
109,12,103,"Bwork Butcher",10,0,,,
109,13,111,"Elite Chafer",10,0,,,
109,14,114,"Bwork Miner",10,0,,,
109,15,,,,0,,,
109,16,,,,0,,,
109,17,,,,0,,,
109,18,,,,0,,,
110,1,85,"Mutant Wabbit",10,0,,,
110,2,90,"Taur",10,0,,,
110,3,99,"Aggressive Gobbly",10,0,,,
110,4,86,"Full Mutant Wabbit",10,0,,,
110,5,91,"Mandhal",10,0,,,
110,6,100,"Aggressive Gobball",10,0,,,
110,7,132,"Accelerat",10,0,,,
110,8,135,"Baby Sleck",10,0,,,
110,9,138,"Stalaguar",10,0,,,
110,10,141,"Weak Chafer",10,0,,,
110,11,143,"Dark Baby Tofu",10,0,,,
110,12,133,"Blimprat",10,0,,,
110,13,136,"Slecky",10,0,,,
110,14,139,"Dominant Stalagmote",10,0,,,
110,15,142,"Chafer Knight",10,0,,,
110,16,148,"Sick Gobbly",10,0,,,
110,17,156,"Croboar",10,0,,,
110,18,,,,0,,,
111,1,121,"Mint Jelly",10,0,,,
111,2,123,"Lemon Jelly",10,0,,,
111,3,125,"Strawberry Jelly",10,0,,,
111,4,127,"Blue Raspberry Jelly",10,0,,,
111,5,122,"Mint Jellix",10,0,,,
111,6,124,"Lemon Jellix",10,0,,,
111,7,126,"Strawberry Jellix",10,0,,,
111,8,128,"Blue Raspberry Jellix",10,0,,,
111,9,183,"Surimi Guard",10,0,,,
111,10,186,"Baby Sludgeworm",10,0,,,
111,11,188,"Bernardo dia Reya",10,0,,,
111,12,190,"Sky Gobbly",10,0,,,
111,13,211,"Crackmite",10,0,,,
111,14,221,"Snow Blibli",10,0,,,
111,15,225,"Crabstix Guard",10,0,,,
111,16,,,,0,,,
111,17,,,,0,,,
111,18,,,,0,,,
112,1,25,"Aggressive Blibli",10,0,,,
112,2,34,"Black Goball",10,0,,,
112,3,37,"White Goball",10,0,,,
112,4,41,"Young Demonic Rose",10,0,,,
112,5,46,"Tofu",10,0,,,
112,6,26,"Dominant Blibli",10,0,,,
112,7,35,"Dominant Gobball",10,0,,,
112,8,38,"Gobball War Chief",10,0,,,
112,9,116,"Dinky Puddly",10,0,,,
112,10,171,"Grouilleux",10,0,,,
112,11,173,"Whirlibig",10,0,,,
112,12,198,"Wabbit ShawpShootew",10,0,,,
112,13,202,"Frail Wabbit",10,0,,,
112,14,198,"Wabbit ShawpShootew",10,0,,,
112,15,202,"Frail Wabbit",10,0,,,
112,16,,,,0,,,
112,17,,,,0,,,
112,18,,,,0,,,
113,1,25,"Aggressive Blibli",10,0,,,
113,2,34,"Black Goball",10,0,,,
113,3,37,"White Goball",10,0,,,
113,4,41,"Young Demonic Rose",10,0,,,
113,5,46,"Tofu",10,0,,,
113,6,26,"Dominant Blibli",10,0,,,
113,7,35,"Dominant Gobball",10,0,,,
113,8,38,"Gobball War Chief",10,0,,,
113,9,51,"Drhellator",10,0,,,
113,10,55,"Treechorn Treechnid",10,0,,,
113,11,58,"Major Arachnee ",10,0,,,
113,12,63,"Wild Gobball",10,0,,,
113,13,67,"Carnivorous Plant",10,0,,,
113,14,86,"Full Mutant Wabbit",10,0,,,
113,15,91,"Mandhal",10,0,,,
113,16,100,"Aggressive Gobball",10,0,,,
113,17,,,,0,,,
113,18,,,,0,,,
114,1,70,"Mega Crackler",10,0,,,
114,2,74,"Cacter Blademaster",10,0,,,
114,3,76,"Royal Mountain Gobball",10,0,,,
114,4,78,"Fungi Master",10,0,,,
114,5,71,"Ancestor Crackler",10,0,,,
114,6,103,"Bwork Butcher",10,0,,,
114,7,111,"Elite Chafer",10,0,,,
114,8,114,"Bwork Miner",10,0,,,
114,9,104,"Bwork Knight",10,0,,,
114,10,112,"Royal Chafer",10,0,,,
114,11,115,"Bwork Drivemaster",10,0,,,
114,12,116,"Dinky Puddly",10,0,,,
114,13,171,"Grouilleux",10,0,,,
114,14,173,"Whirlibig",10,0,,,
114,15,,,,0,,,
114,16,,,,0,,,
114,17,,,,0,,,
114,18,,,,0,,,
115,1,86,"Full Mutant Wabbit",10,0,,,
115,2,91,"Mandhal",10,0,,,
115,3,100,"Aggressive Gobball",10,0,,,
115,4,101,"Brutish War Chief",10,0,,,
115,5,133,"Blimprat",10,0,,,
115,6,136,"Slecky",10,0,,,
115,7,139,"Dominant Stalagmote",10,0,,,
115,8,142,"Chafer Knight",10,0,,,
115,9,134,"Dominant Rat",10,0,,,
115,10,137,"Sleck Guard",10,0,,,
115,11,140,"Stalagmonarch",10,0,,,
115,12,211,"Crackmite",10,0,,,
115,13,221,"Snow Blibli",10,0,,,
115,14,225,"Crabstix Guard",10,0,,,
115,15,,,,0,,,
115,16,,,,0,,,
115,17,,,,0,,,
115,18,,,,0,,,
116,1,122,"Mint Jellix",10,0,,,
116,2,124,"Lemon Jellix",10,0,,,
116,3,126,"Strawberry Jellix",10,0,,,
116,4,128,"Blue Raspberry Jellix",10,0,,,
116,5,183,"Surimi Guard",10,0,,,
116,6,186,"Baby Sludgeworm",10,0,,,
116,7,188,"Bernardo dia Reya",10,0,,,
116,8,190,"Sky Gobbly",10,0,,,
116,9,184,"Crablock",10,0,,,
116,10,187,"Vermicious Sludgeworm",10,0,,,
116,11,189,"Clammer Shark",10,0,,,
116,12,211,"Crackmite",10,0,,,
116,13,221,"Snow Blibli",10,0,,,
116,14,225,"Crabstix Guard",10,0,,,
116,15,,,,0,,,
116,16,,,,0,,,
116,17,,,,0,,,
116,18,,,,0,,,
117,1,26,"Dominant Blibli",10,0,,,
117,2,35,"Dominant Gobball",10,0,,,
117,3,38,"Gobball War Chief",10,0,,,
117,4,27,"Royal Blibli",10,0,,,
117,5,39,"Royal Goball",10,0,,,
117,6,116,"Dinky Puddly",10,0,,,
117,7,171,"Grouilleux",10,0,,,
117,8,173,"Whirlibig",10,0,,,
117,9,172,"Grouilleux Stalker",10,0,,,
117,10,174,"King Whirlibig",10,0,,,
117,11,199,"Wabbit Soldier",10,0,,,
117,12,210,"Boss Izungry",10,0,,,
117,13,,,,0,,,
117,14,,,,0,,,
117,15,,,,0,,,
117,16,,,,0,,,
117,17,,,,0,,,
117,18,,,,0,,,
118,1,26,"Dominant Blibli",10,0,,,
118,2,35,"Dominant Gobball",10,0,,,
118,3,38,"Gobball War Chief",10,0,,,
118,4,27,"Royal Blibli",10,0,,,
118,5,39,"Royal Goball",10,0,,,
118,6,52,"Enrage Drhellator",10,0,,,
118,7,56,"Ancestral Treechnid",10,0,,,
118,8,59,"Black Widow",10,0,,,
118,9,64,"Shaman Gobbette",10,0,,,
118,10,68,"Celestial Carnivorous Plant",10,0,,,
118,11,101,"Brutish War Chief",10,0,,,
118,12,103,"Bwork Butcher",10,0,,,
118,13,111,"Elite Chafer",10,0,,,
118,14,114,"Bwork Miner",10,0,,,
118,15,104,"Bwork Knight",10,0,,,
118,16,112,"Royal Chafer",10,0,,,
118,17,115,"Bwork Drivemaster",10,0,,,
118,18,,,,0,,,
119,1,71,"Ancestor Crackler",10,0,,,
119,2,104,"Bwork Knight",10,0,,,
119,3,112,"Royal Chafer",10,0,,,
119,4,115,"Bwork Drivemaster",10,0,,,
119,5,116,"Dinky Puddly",10,0,,,
119,6,171,"Grouilleux",10,0,,,
119,7,173,"Whirlibig",10,0,,,
119,8,172,"Grouilleux Stalker",10,0,,,
119,9,174,"King Whirlibig",10,0,,,
119,10,199,"Wabbit Soldier",10,0,,,
119,11,210,"Boss Izungry",10,0,,,
119,12,198,"Wabbit ShawpShootew",10,0,,,
119,13,202,"Frail Wabbit",10,0,,,
119,14,,,,0,,,
119,15,,,,0,,,
119,16,,,,0,,,
119,17,,,,0,,,
119,18,,,,0,,,
120,1,101,"Brutish War Chief",10,0,,,
120,2,134,"Dominant Rat",10,0,,,
120,3,137,"Sleck Guard",10,0,,,
120,4,140,"Stalagmonarch",10,0,,,
120,5,86,"Full Mutant Wabbit",10,0,,,
120,6,91,"Mandhal",10,0,,,
120,7,100,"Aggressive Gobball",10,0,,,
120,8,101,"Brutish War Chief",10,0,,,
120,9,86,"Full Mutant Wabbit",10,0,,,
120,10,91,"Mandhal",10,0,,,
120,11,,,,0,,,
120,12,,,,0,,,
120,13,,,,0,,,
120,14,,,,0,,,
120,15,,,,0,,,
120,16,,,,0,,,
120,17,,,,0,,,
120,18,,,,0,,,
121,1,184,"Crablock",10,0,,,
121,2,187,"Vermicious Sludgeworm",10,0,,,
121,3,189,"Clammer Shark",10,0,,,
121,4,185,"Royal Crablock",10,0,,,
121,5,211,"Crackmite",10,0,,,
121,6,221,"Snow Blibli",10,0,,,
121,7,225,"Crabstix Guard",10,0,,,
121,8,122,"Mint Jellix",10,0,,,
121,9,124,"Lemon Jellix",10,0,,,
121,10,126,"Strawberry Jellix",10,0,,,
121,11,128,"Blue Raspberry Jellix",10,0,,,
121,12,,,,0,,,
121,13,,,,0,,,
121,14,,,,0,,,
121,15,,,,0,,,
121,16,,,,0,,,
121,17,,,,0,,,
121,18,,,,0,,,
122,1,27,"Royal Blibli",10,0,,,
122,2,39,"Royal Goball",10,0,,,
122,3,172,"Grouilleux Stalker",10,0,,,
122,4,174,"King Whirlibig",10,0,,,
122,5,171,"Grouilleux",10,0,,,
122,6,173,"Whirlibig",10,0,,,
122,7,199,"Wabbit Soldier",10,0,,,
122,8,210,"Boss Izungry",10,0,,,
122,9,,,,0,,,
122,10,,,,0,,,
122,11,,,,0,,,
122,12,,,,0,,,
122,13,,,,0,,,
122,14,,,,0,,,
122,15,,,,0,,,
122,16,,,,0,,,
122,17,,,,0,,,
122,18,,,,0,,,
123,1,27,"Royal Blibli",10,0,,,
123,2,39,"Royal Goball",10,0,,,
123,3,53,"Royal Drhellator",10,0,,,
123,4,65,"Royal Shaman Gobbette",10,0,,,
123,5,52,"Enrage Drhellator",10,0,,,
123,6,56,"Ancestral Treechnid",10,0,,,
123,7,59,"Black Widow",10,0,,,
123,8,64,"Shaman Gobbette",10,0,,,
123,9,68,"Celestial Carnivorous Plant",10,0,,,
123,10,101,"Brutish War Chief",10,0,,,
123,11,104,"Bwork Knight",10,0,,,
123,12,112,"Royal Chafer",10,0,,,
123,13,115,"Bwork Drivemaster",10,0,,,
123,14,199,"Wabbit Soldier",10,0,,,
123,15,210,"Boss Izungry",10,0,,,
123,16,,,,0,,,
123,17,,,,0,,,
123,18,,,,0,,,
124,1,172,"Grouilleux Stalker",10,0,,,
124,2,174,"King Whirlibig",10,0,,,
124,3,171,"Grouilleux",10,0,,,
124,4,173,"Whirlibig",10,0,,,
124,5,199,"Wabbit Soldier",10,0,,,
124,6,210,"Boss Izungry",10,0,,,
124,7,148,"Sick Gobbly",10,0,,,
124,8,156,"Croboar",10,0,,,
124,9,198,"Wabbit ShawpShootew",10,0,,,
124,10,202,"Frail Wabbit",10,0,,,
124,11,122,"Mint Jellix",10,0,,,
124,12,124,"Lemon Jellix",10,0,,,
124,13,126,"Strawberry Jellix",10,0,,,
124,14,128,"Blue Raspberry Jellix",10,0,,,
124,15,,,,0,,,
124,16,,,,0,,,
124,17,,,,0,,,
124,18,,,,0,,,
125,1,101,"Brutish War Chief",10,0,,,
125,2,134,"Dominant Rat",10,0,,,
125,3,137,"Sleck Guard",10,0,,,
125,4,140,"Stalagmonarch",10,0,,,
125,5,86,"Full Mutant Wabbit",10,0,,,
125,6,91,"Mandhal",10,0,,,
125,7,100,"Aggressive Gobball",10,0,,,
125,8,101,"Brutish War Chief",10,0,,,
125,9,86,"Full Mutant Wabbit",10,0,,,
125,10,91,"Mandhal",10,0,,,
125,11,,,,0,,,
125,12,,,,0,,,
125,13,,,,0,,,
125,14,,,,0,,,
125,15,,,,0,,,
125,16,,,,0,,,
125,17,,,,0,,,
125,18,,,,0,,,
126,1,185,"Royal Crablock",10,0,,,
126,2,184,"Crablock",10,0,,,
126,3,187,"Vermicious Sludgeworm",10,0,,,
126,4,189,"Clammer Shark",10,0,,,
126,5,185,"Royal Crablock",10,0,,,
126,6,211,"Crackmite",10,0,,,
126,7,221,"Snow Blibli",10,0,,,
126,8,225,"Crabstix Guard",10,0,,,
126,9,122,"Mint Jellix",10,0,,,
126,10,124,"Lemon Jellix",10,0,,,
126,11,126,"Strawberry Jellix",10,0,,,
126,12,128,"Blue Raspberry Jellix",10,0,,,
126,13,,,,0,,,
126,14,,,,0,,,
126,15,,,,0,,,
126,16,,,,0,,,
126,17,,,,0,,,
126,18,,,,0,,,
127,1,520,"XP Totem 1",70,0,,,
127,2,521,"XP Totem 2",50,0,,,
127,3,522,"XP Totem 3",30,0,,,
127,4,,,,0,,,
127,5,,,,0,,,
127,6,,,,0,,,
127,7,,,,0,,,
127,8,,,,0,,,
127,9,,,,0,,,
127,10,,,,0,,,
127,11,,,,0,,,
127,12,,,,0,,,
127,13,,,,0,,,
127,14,,,,0,,,
127,15,,,,0,,,
127,16,,,,0,,,
127,17,,,,0,,,
127,18,,,,0,,,
128,1,520,"XP Totem 1",70,0,,,
128,2,521,"XP Totem 2",50,0,,,
128,3,522,"XP Totem 3",30,0,,,
128,4,,,,0,,,
128,5,,,,0,,,
128,6,,,,0,,,
128,7,,,,0,,,
128,8,,,,0,,,
128,9,,,,0,,,
128,10,,,,0,,,
128,11,,,,0,,,
128,12,,,,0,,,
128,13,,,,0,,,
128,14,,,,0,,,
128,15,,,,0,,,
128,16,,,,0,,,
128,17,,,,0,,,
128,18,,,,0,,,
129,1,520,"XP Totem 1",70,0,,,
129,2,521,"XP Totem 2",60,0,,,
129,3,522,"XP Totem 3",40,0,,,
129,4,,,,0,,,
129,5,,,,0,,,
129,6,,,,0,,,
129,7,,,,0,,,
129,8,,,,0,,,
129,9,,,,0,,,
129,10,,,,0,,,
129,11,,,,0,,,
129,12,,,,0,,,
129,13,,,,0,,,
129,14,,,,0,,,
129,15,,,,0,,,
129,16,,,,0,,,
129,17,,,,0,,,
129,18,,,,0,,,
130,1,520,"XP Totem 1",70,0,,,
130,2,521,"XP Totem 2",70,0,,,
130,3,522,"XP Totem 3",50,0,,,
130,4,,,,0,,,
130,5,,,,0,,,
130,6,,,,0,,,
130,7,,,,0,,,
130,8,,,,0,,,
130,9,,,,0,,,
130,10,,,,0,,,
130,11,,,,0,,,
130,12,,,,0,,,
130,13,,,,0,,,
130,14,,,,0,,,
130,15,,,,0,,,
130,16,,,,0,,,
130,17,,,,0,,,
130,18,,,,0,,,
131,1,520,"XP Totem 1",70,0,,,
131,2,521,"XP Totem 2",80,0,,,
131,3,522,"XP Totem 3",60,0,,,
131,4,,,,0,,,
131,5,,,,0,,,
131,6,,,,0,,,
131,7,,,,0,,,
131,8,,,,0,,,
131,9,,,,0,,,
131,10,,,,0,,,
131,11,,,,0,,,
131,12,,,,0,,,
131,13,,,,0,,,
131,14,,,,0,,,
131,15,,,,0,,,
131,16,,,,0,,,
131,17,,,,0,,,
131,18,,,,0,,,
132,1,520,"XP Totem 1",70,0,,,
132,2,521,"XP Totem 2",90,0,,,
132,3,522,"XP Totem 3",70,0,,,
132,4,,,,0,,,
132,5,,,,0,,,
132,6,,,,0,,,
132,7,,,,0,,,
132,8,,,,0,,,
132,9,,,,0,,,
132,10,,,,0,,,
132,11,,,,0,,,
132,12,,,,0,,,
132,13,,,,0,,,
132,14,,,,0,,,
132,15,,,,0,,,
132,16,,,,0,,,
132,17,,,,0,,,
132,18,,,,0,,,
,,,,,,,,
,,,,,,,,
,,,,,,,,
,,,,,,,,
,,,,,,,,
,,,,,,,,
,,,,,,,,
,,,,,,,,
,,,,,,,,
,,,,,,,,
,,,,,,,,
,,,,,,,,
,,,,,,,,
,,,,,,,,
,,,,,,,,
,,,,,,,,
,,,,,,,,
,,,,,,,,
,,,,,,,,
,,,,,,,,
,,,,,,,,
,,,,,,,,
,,,,,,,,
,,,,,,,,
,,,,,,,,
,,,,,,,,
,,,,,,,,
,,,,,,,,
,,,,,,,,
,,,,,,,,
,,,,,,,,
,,,,,,,,
,,,,,,,,
,,,,,,,,
,,,,,,,,
,,,,,,,,
,,,,,,,,
,,,,,,,,
,,,,,,,,
,,,,,,,,
,,,,,,,,
,,,,,,,,
,,,,,,,,
,,,,,,,,
,,,,,,,,
,,,,,,,,
,,,,,,,,
,,,,,,,,
,,,,,,,,
,,,,,,,,
,,,,,,,,
,,,,,,,,
,,,,,,,,
,,,,,,,,
,,,,,,,,
,,,,,,,,
,,,,,,,,
,,,,,,,,
,,,,,,,,
,,,,,,,,
,,,,,,,,
,,,,,,,,
,,,,,,,,
,,,,,,,,
,,,,,,,,
,,,,,,,,
,,,,,,,,
,,,,,,,,
,,,,,,,,
,,,,,,,,
,,,,,,,,
,,,,,,,,
,,,,,,,,
,,,,,,,,
,,,,,,,,
,,,,,,,,
,,,,,,,,
,,,,,,,,
,,,,,,,,
,,,,,,,,
,,,,,,,,
,,,,,,,,
,,,,,,,,
,,,,,,,,
,,,,,,,,
,,,,,,,,
,,,,,,,,
,,,,,,,,
,,,,,,,,
,,,,,,,,
,,,,,,,,
,,,,,,,,
,,,,,,,,
,,,,,,,,
,,,,,,,,
,,,,,,,,
,,,,,,,,
,,,,,,,,
,,,,,,,,
,,,,,,,,
,,,,,,,,
,,,,,,,,
,,,,,,,,
,,,,,,,,
,,,,,,,,
,,,,,,,,
,,,,,,,,
,,,,,,,,
,,,,,,,,
,,,,,,,,
,,,,,,,,
,,,,,,,,
,,,,,,,,
,,,,,,,,
,,,,,,,,
,,,,,,,,
,,,,,,,,
,,,,,,,,
,,,,,,,,
,,,,,,,,
,,,,,,,,
,,,,,,,,
,,,,,,,,
,,,,,,,,
,,,,,,,,
,,,,,,,,
,,,,,,,,
,,,,,,,,
,,,,,,,,
,,,,,,,,
,,,,,,,,
,,,,,,,,
,,,,,,,,
,,,,,,,,
,,,,,,,,
,,,,,,,,
,,,,,,,,
,,,,,,,,
,,,,,,,,
,,,,,,,,
,,,,,,,,
,,,,,,,,
,,,,,,,,
,,,,,,,,
,,,,,,,,
,,,,,,,,
,,,,,,,,
,,,,,,,,
,,,,,,,,
,,,,,,,,
,,,,,,,,
,,,,,,,,
,,,,,,,,
,,,,,,,,
,,,,,,,,
,,,,,,,,
,,,,,,,,
,,,,,,,,
,,,,,,,,
,,,,,,,,
,,,,,,,,
,,,,,,,,
,,,,,,,,
,,,,,,,,
,,,,,,,,
,,,,,,,,
,,,,,,,,
,,,,,,,,
,,,,,,,,
,,,,,,,,
,,,,,,,,
,,,,,,,,
,,,,,,,,
,,,,,,,,
,,,,,,,,
,,,,,,,,
,,,,,,,,
,,,,,,,,
,,,,,,,,
,,,,,,,,
,,,,,,,,
,,,,,,,,
,,,,,,,,
,,,,,,,,
,,,,,,,,
,,,,,,,,
,,,,,,,,
,,,,,,,,
,,,,,,,,
,,,,,,,,
,,,,,,,,
,,,,,,,,
,,,,,,,,
,,,,,,,,
,,,,,,,,
,,,,,,,,
,,,,,,,,
,,,,,,,,
,,,,,,,,
,,,,,,,,
,,,,,,,,
,,,,,,,,
,,,,,,,,
,,,,,,,,
,,,,,,,,
,,,,,,,,
,,,,,,,,
,,,,,,,,
,,,,,,,,
,,,,,,,,
,,,,,,,,
,,,,,,,,
,,,,,,,,
,,,,,,,,
,,,,,,,,
,,,,,,,,
,,,,,,,,
,,,,,,,,
,,,,,,,,
,,,,,,,,
,,,,,,,,
,,,,,,,,
,,,,,,,,
,,,,,,,,
,,,,,,,,
,,,,,,,,
,,,,,,,,
,,,,,,,,
,,,,,,,,
,,,,,,,,
,,,,,,,,
,,,,,,,,
,,,,,,,,
,,,,,,,,
,,,,,,,,
,,,,,,,,
,,,,,,,,
,,,,,,,,
,,,,,,,,
,,,,,,,,
,,,,,,,,
,,,,,,,,
,,,,,,,,
,,,,,,,,
,,,,,,,,
,,,,,,,,
,,,,,,,,
,,,,,,,,
,,,,,,,,
,,,,,,,,
,,,,,,,,
,,,,,,,,
,,,,,,,,
,,,,,,,,
,,,,,,,,
,,,,,,,,
,,,,,,,,
,,,,,,,,
,,,,,,,,
,,,,,,,,
,,,,,,,,
,,,,,,,,
,,,,,,,,
,,,,,,,,
,,,,,,,,
,,,,,,,,
,,,,,,,,
,,,,,,,,
,,,,,,,,
,,,,,,,,
,,,,,,,,
,,,,,,,,
,,,,,,,,
,,,,,,,,
,,,,,,,,
,,,,,,,,
,,,,,,,,
,,,,,,,,
,,,,,,,,
,,,,,,,,
,,,,,,,,
,,,,,,,,
,,,,,,,,
,,,,,,,,
,,,,,,,,
,,,,,,,,
,,,,,,,,
,,,,,,,,
,,,,,,,,
,,,,,,,,
,,,,,,,,
,,,,,,,,
,,,,,,,,
,,,,,,,,
,,,,,,,,
,,,,,,,,
,,,,,,,,
,,,,,,,,
,,,,,,,,
,,,,,,,,
,,,,,,,,
,,,,,,,,
,,,,,,,,
,,,,,,,,
,,,,,,,,
,,,,,,,,
,,,,,,,,
,,,,,,,,
,,,,,,,,
,,,,,,,,
,,,,,,,,
,,,,,,,,
,,,,,,,,
,,,,,,,,
,,,,,,,,
,,,,,,,,
,,,,,,,,
,,,,,,,,
,,,,,,,,
,,,,,,,,
,,,,,,,,
,,,,,,,,
,,,,,,,,
,,,,,,,,
,,,,,,,,
,,,,,,,,
,,,,,,,,
,,,,,,,,
,,,,,,,,
,,,,,,,,
,,,,,,,,
,,,,,,,,
,,,,,,,,
,,,,,,,,
,,,,,,,,
,,,,,,,,
,,,,,,,,
,,,,,,,,
,,,,,,,,
,,,,,,,,
,,,,,,,,
,,,,,,,,
,,,,,,,,
,,,,,,,,
,,,,,,,,
,,,,,,,,
,,,,,,,,
,,,,,,,,
,,,,,,,,
,,,,,,,,
,,,,,,,,
,,,,,,,,
,,,,,,,,
,,,,,,,,
,,,,,,,,
,,,,,,,,
,,,,,,,,
,,,,,,,,
,,,,,,,,
,,,,,,,,
,,,,,,,,
,,,,,,,,
,,,,,,,,
,,,,,,,,
,,,,,,,,
,,,,,,,,
,,,,,,,,
,,,,,,,,
,,,,,,,,
,,,,,,,,
,,,,,,,,
,,,,,,,,
,,,,,,,,
,,,,,,,,
,,,,,,,,
,,,,,,,,
,,,,,,,,
,,,,,,,,
,,,,,,,,
,,,,,,,,
,,,,,,,,
,,,,,,,,
,,,,,,,,
,,,,,,,,
,,,,,,,,
,,,,,,,,
,,,,,,,,
,,,,,,,,
,,,,,,,,
,,,,,,,,
,,,,,,,,
,,,,,,,,
,,,,,,,,
,,,,,,,,
,,,,,,,,
,,,,,,,,
,,,,,,,,
,,,,,,,,
,,,,,,,,
,,,,,,,,
,,,,,,,,
,,,,,,,,
,,,,,,,,
,,,,,,,,
,,,,,,,,
,,,,,,,,
,,,,,,,,
,,,,,,,,
,,,,,,,,
,,,,,,,,
,,,,,,,,
,,,,,,,,
,,,,,,,,
,,,,,,,,
,,,,,,,,
,,,,,,,,
,,,,,,,,
,,,,,,,,
,,,,,,,,
,,,,,,,,
,,,,,,,,
,,,,,,,,
,,,,,,,,
,,,,,,,,
